GPS_lat,GPS_long,Time,vx,vy,ax,ay
25.328286666666667,51.42507166666666,1561278478996,0.5876042305249181,0.6997854788064122,0.6028247568766703,0.8099603885629147
25.328255,51.42505833333333,1561278480021,0.586167173989921,0.6982318802523773,0.602544723295916,0.8100757505833663
25.32819833333333,51.425045,1561278481009,0.5860189980152755,0.6888605331105061,0.6027547609078133,0.8087915582295199
25.328133333333337,51.42502666666666,1561278481964,0.5842846346347272,0.6850682004460696,0.6024752580895242,0.8096801019685365
25.328065,51.42500833333334,1561278483007,0.5847773028747273,0.6859701407237931,0.6028591619012647,0.8104593361014116
25.327995,51.424985,1561278483948,0.5825815469701484,0.6828277283668311,0.6023884702505738,0.8097818757804729
25.32791333333333,51.42495666666667,1561278485020,0.5820845213607169,0.6821928417941631,0.6027021407955285,0.8102245562778261
25.327825,51.42492166666666,1561278485978,0.5790111452772655,0.6765176095366477,0.602241734588049,0.8093653951497797
25.327728333333333,51.424886666666666,1561278486970,0.5793920250578698,0.6746617110245667,0.6028443312101387,0.8100185204868613
25.32763166666667,51.42485666666666,1561278487973,0.5810260295251344,0.6750402049260928,0.603053217171668,0.8103807978636511
25.327530000000003,51.42482499999999,1561278489002,0.5807632422323575,0.6741817545483025,0.602737078329435,0.8101855586770617
25.327425,51.42478666666666,1561278489988,0.5782984193878207,0.6714584440334763,0.6023605567076359,0.8098749273523042
25.327313333333336,51.424745,1561278490998,0.5775755548151289,0.6700169392332275,0.6026598551199145,0.8100900071147876
25.32719833333333,51.42470333333334,1561278491961,0.5769631239206261,0.6668799741630504,0.6026732331189985,0.8097950806468149
25.327083333333334,51.424655,1561278492971,0.5755678239129588,0.6688480874787831,0.602548165885592,0.8106339901710836
25.32696333333333,51.42460166666667,1561278493991,0.5742194948307044,0.6675073457581293,0.602558163212575,0.8101081803546302
25.326835,51.42454333333333,1561278494997,0.5724863760935027,0.6639937508658164,0.6024909107528775,0.8097571893010389
25.326705,51.424483333333335,1561278496013,0.572161004949536,0.6638574586272021,0.6027261965757065,0.8102983739561233
25.326573333333332,51.42442166666667,1561278497014,0.5713853854964819,0.6625887170156383,0.602649934422615,0.8101157504339264
25.326443333333337,51.42435833333334,1561278498029,0.5711443872437082,0.6638128123088409,0.6027400886607549,0.8105143247376041
25.326311666666665,51.42429166666667,1561278498970,0.5685743701912184,0.6596183818810541,0.6023217485329024,0.8096017256491265
25.32618,51.42422833333333,1561278500009,0.571582796920622,0.6642924905762757,0.6032656628320974,0.8110449004035587
25.326041666666665,51.42416166666667,1561278501030,0.5702628718770911,0.6611887312907536,0.602563047394192,0.8098301399024651
25.325901666666663,51.42409333333333,1561278502013,0.5689793824620599,0.6587332986134554,0.6025608817537933,0.8099174811800032
25.325758333333336,51.42401666666667,1561278503083,0.5683296725678714,0.6617312003929661,0.6026780571486777,0.8107714660687083
25.32561333333333,51.42393833333334,1561278504031,0.5649901741555979,0.6550031124164081,0.6021889646610179,0.8091763632920772
25.325468333333333,51.42385666666667,1561278504996,0.5643822661489363,0.6559574089283986,0.6026742405006636,0.8104793419306503
25.325321666666664,51.42377499999999,1561278506011,0.5656503255920283,0.6579973429837408,0.6029895032758749,0.8106438454725429
25.325173333333336,51.423693333333325,1561278507027,0.5656744137334265,0.6574667386496467,0.6027838977926627,0.8102358354651196
25.325024999999997,51.42361833333333,1561278508021,0.5671733273216585,0.6563223240017917,0.6030328923772762,0.8101344669939575
25.324873333333336,51.423525000000005,1561278509049,0.5625078078476483,0.6569219337279348,0.602018562334715,0.8104139790087093
25.324724999999997,51.42344166666667,1561278509994,0.5633010130394948,0.6535818940525926,0.6029207312200405,0.8097504545780906
25.324574999999996,51.42336333333333,1561278511042,0.5673884278513356,0.658482335368546,0.6034342093252104,0.8110734756404774
25.32443,51.42328166666666,1561278511991,0.5639482664561023,0.6550601939384106,0.6021717928797446,0.809738914364212
25.324288333333335,51.423198333333325,1561278512992,0.5648015926137973,0.6590506342824052,0.6029229293658853,0.8109623638099831
25.324141666666662,51.42311333333334,1561278514004,0.5645758940339216,0.6578456350871269,0.6027425067836438,0.8101281200324982
25.32401,51.42302166666666,1561278515042,0.5632622516791891,0.6642492526367887,0.6025676146491897,0.8113140877420575
25.323865,51.422936666666665,1561278516058,0.5646764766237468,0.6586286877350114,0.6030134312136853,0.8094285600687529
25.32373,51.422846666666665,1561278517036,0.5621326553396199,0.6602860691013883,0.6023435756285265,0.810593066783437
25.32359333333333,51.42276,1561278518032,0.5636564967252266,0.6605769357011066,0.6030365830224473,0.8103670483328825
25.32344666666667,51.422675,1561278519097,0.5658472957965298,0.6603999781991703,0.6031250125775294,0.8102932156711532
25.323298333333337,51.42259666666667,1561278520096,0.5662732758948396,0.6565868442696774,0.6028514533762445,0.8097049299770769
25.323151666666664,51.422505,1561278521027,0.5601750406462224,0.6533799477909619,0.601681075075418,0.8097649347940229
25.323006666666668,51.42241333333333,1561278522054,0.5629745420086931,0.6591700632359031,0.6032372111271528,0.8112284751620582
25.322861666666668,51.42232166666666,1561278523000,0.5606499164223946,0.6548885873437921,0.6023676863054551,0.8095906948797477
25.322715,51.422230000000006,1561278524055,0.5636950929756347,0.6599376701889851,0.6032641397826137,0.8110911794959799
25.322566666666663,51.422140000000006,1561278524986,0.5607195648704952,0.6527459304604182,0.6022437579170736,0.8090752310745807
25.322431666666663,51.422050000000006,1561278525982,0.562638520717762,0.6611695764011595,0.603103132658316,0.8116828203847737
25.322286666666667,51.421958333333336,1561278527053,0.5640899206833376,0.6612243583158199,0.6030072624923231,0.8103282324161876
25.322148333333335,51.421868333333336,1561278528030,0.562104005168084,0.6590276989111022,0.6024389252341531,0.8099576894150832
25.322015000000004,51.421775,1561278528976,0.5601140263031579,0.6592563367671294,0.6024270304036162,0.8103589356750664
25.321863333333333,51.421686666666666,1561278530006,0.5640379906478779,0.6570233930238703,0.6034190220905237,0.8099706555414837
25.32170833333333,51.42160333333333,1561278530956,0.5634421859862877,0.6513891333692977,0.6026747091619199,0.8093643062337693
25.32155,51.421515,1561278532077,0.5661555778804266,0.6591505801221006,0.6031859793370904,0.8114356660730548
25.321403333333333,51.42142333333333,1561278532965,0.5587248156595005,0.6506782342972447,0.6013761293289841,0.8087825729811086
25.32128,51.421328333333335,1561278533961,0.5611115567076502,0.6653180612952128,0.6031819223200579,0.8126885131450996
25.321138333333337,51.421241666666674,1561278535035,0.5655787084069264,0.6624574938987878,0.6034776843927914,0.8098908007867486
25.32101,51.421155,1561278536077,0.5648249221602222,0.6655546625705827,0.6026585640896093,0.8107989488971279
25.32088,51.42107833333333,1561278537067,0.5665685250616654,0.6626673410761673,0.6030753775988716,0.8098500300441724
25.320735,51.421016666666674,1561278537964,0.5692128072481214,0.6519231922509992,0.6032744559392857,0.8083898866955007
25.32058833333333,51.420964999999995,1561278538976,0.574594709280981,0.6578456350883702,0.6036720694185693,0.8112630111267662
25.320443333333333,51.42091833333334,1561278540147,0.5780020476097043,0.665319073491417,0.6032680560370816,0.8113483960369993
25.320295,51.42088333333333,1561278541134,0.5793376590561636,0.6559474931602259,0.6030069305078151,0.8087899715954733
25.32013833333333,51.42083833333333,1561278542149,0.5766384488890001,0.6545080613891765,0.6023337993716242,0.81009146914542
25.31997833333333,51.42080166666666,1561278543068,0.5779879152129571,0.6475130452996997,0.603026256888145,0.8090934712998823
25.319821666666662,51.420768333333335,1561278543993,0.5791627474852805,0.6491892645830128,0.6029929874820382,0.8106119949879582
25.319656666666667,51.420743333333334,1561278544998,0.5825574243938336,0.6510274596043165,0.6033465699241501,0.8106147215937208
25.319491666666668,51.42072833333334,1561278546064,0.5858437899409076,0.6543547643109058,0.6032970993174751,0.810822953502066
25.319326666666665,51.420715,1561278547048,0.5860023115318815,0.6497865385836975,0.6028069460668766,0.8095719007747015
25.319165,51.4207,1561278548077,0.5856898899673765,0.6535309043020955,0.6027289864691516,0.8109063495107001
25.31897666666667,51.42069333333334,1561278549031,0.5879982878099149,0.6392567797384874,0.6031858441367779,0.8079089628858037
25.318791666666662,51.42069166666667,1561278550064,0.5896331158606496,0.6457465755154636,0.6030454139393999,0.8113323425072871
25.318608333333337,51.42068833333333,1561278551087,0.5891327643225333,0.6457035659037526,0.6026978698733971,0.8103132153971275
25.318429999999996,51.42069166666667,1561278552107,0.5911178965630911,0.647252978336689,0.6031064115773807,0.8105647655677809
25.318249999999995,51.420698333333334,1561278552955,0.5925151561929715,0.6339975594459321,0.6030563365751117,0.8078011615380444
25.31806333333333,51.420698333333334,1561278554064,0.5901238729301539,0.6495609795535896,0.6024181929226698,0.8125813750788246
25.31788,51.42070999999999,1561278555063,0.593676089507672,0.6441787633278206,0.6033764281493434,0.8094518363319053
25.317696666666667,51.42073833333334,1561278555961,0.5997209607773244,0.6368686679167759,0.603909177527035,0.8090082502510528
25.317506666666667,51.42077333333334,1561278557033,0.6000548366328646,0.6464022085353242,0.6028321687814674,0.8117530371372387
25.31733166666667,51.420813333333335,1561278557955,0.6033200217864864,0.6419518197660331,0.6033740196906592,0.8095421899349466
25.31717,51.42085166666667,1561278559126,0.6000810865893357,0.6602783379107365,0.6023159103340127,0.812841868108405
25.31652,51.42111333333334,1561278563041,0.610453750874205,0.6503726165397112,0.6032243886187901,0.8099122763693416
25.316413333333337,51.42112,1561278564039,0.5921557448809247,0.6713204783151666,0.5997041400947932,0.8137022748400049
25.31614666666667,51.42114333333334,1561278566236,0.5933543366208072,0.666186116719445,0.602871442002287,0.8099434099800189
25.316023333333337,51.421151666666674,1561278566969,0.5935819360402048,0.6495827634996314,0.6028320098521552,0.8066699903224149
25.315913333333334,51.42115999999999,1561278568016,0.5925448473860706,0.6719644672990565,0.6026137509680624,0.8137646588899883
25.31581833333333,51.421171666666666,1561278569343,0.5927980736575565,0.6838189909069305,0.602811932987407,0.811759498464223
25.315364999999996,51.42126499999999,1561278576098,0.5943265842410075,0.6854053787136405,0.6028178803738273,0.8103578330628486
25.31535166666667,51.421263333333336,1561278577103,0.5896194430311733,0.7044748052728522,0.6019941905957059,0.8133775331443659
25.315363333333337,51.42125833333333,1561278579231,0.5894091848857959,0.7111151511021727,0.6027633450894808,0.810822818836707
25.31537166666667,51.42125166666666,1561278580461,0.5884752483717236,0.7115729451206223,0.6026525424872234,0.8103799645234422
25.315418333333337,51.42124833333334,1561278580852,0.5875307678118077,0.7514434572014315,0.6023746934735097,0.8267514466640463
25.31544333333333,51.42124333333333,1561278582058,0.5888627981719501,0.7165151413812436,0.6029652091526795,0.8056530594952842
25.31545833333333,51.421241666666674,1561278582904,0.5895246388303012,0.7154529425554036,0.6029111601463374,0.8101176712074494
25.31547,51.421238333333335,1561278583947,0.5891517692814522,0.7131350175625555,0.6027199476097521,0.8099618804168573
25.315466666666666,51.421241666666674,1561278585060,0.5910348379845977,0.7081127899373829,0.603063747063868,0.8095928765651137
25.315316666666664,51.42128,1561278594257,0.5913916664707367,0.7033972076897916,0.6027864291797433,0.8102373691676439
25.315330000000003,51.421281666666665,1561278595406,0.5905650844624748,0.7132832737981533,0.6026592369291675,0.8117064409915496
25.315445,51.42125166666666,1561278596972,0.5842968378501829,0.735181544157892,0.6021084353112653,0.8125732903463911
25.315466666666666,51.42124833333334,1561278597926,0.5890610803711672,0.7172169864082703,0.603617695820998,0.8072856157347422
25.315466666666666,51.42125166666666,1561278598930,0.5911337375728565,0.7091734730220612,0.6031262390989052,0.8090290292278988
25.315468333333335,51.42125166666666,1561278600079,0.5901238729301539,0.7096871981197572,0.602632477096942,0.8103920364231579
25.31558,51.421101666666665,1561278607830,0.5842374473499901,0.7142757951903909,0.6026525185292203,0.8104153845786605
25.315603333333335,51.42112,1561278608190,0.6056140745194111,0.7321284227656613,0.6127412837343484,0.8183109812861986
25.31557833333333,51.42115333333333,1561278609505,0.5978341702963197,0.7024403535962448,0.6017874202826694,0.8066820360792801
25.315873333333336,51.42079666666667,1561278612453,0.5533234186870829,0.7446137084744985,0.6002470117081915,0.812625206389119
25.31574,51.420853333333326,1561278612729,0.6525744880124432,0.5380806799118301,0.6631064314972649,0.689738280203583
25.315695,51.42090499999999,1561278613720,0.6059821106785297,0.6930914410562294,0.5948927121316703,0.8355251351530182
25.315673333333333,51.42093499999999,1561278615347,0.5957324389628733,0.7044571166780528,0.6017230920048305,0.8114456539380984
25.315645000000004,51.42098166666666,1561278616413,0.6034396866774044,0.6997601594062819,0.603992818264765,0.8096099867379083
25.315595,51.42107166666666,1561278616616,0.7249781133416924,0.6219414331765489,0.7032182933348351,0.7485483565408879
25.31557666666667,51.42109833333334,1561278618124,0.5955026745441865,0.7048677890053527,0.5883764168357883,0.8191811841349093
25.315690000000004,51.42099833333334,1561278620211,0.5755493050738973,0.7284060409492175,0.6011760256171302,0.8121373994876131
25.31546166666667,51.42127333333333,1561278621772,0.6437094517672445,0.6573688550446841,0.610104955555431,0.8029869535140375
25.31564166666667,51.42134666666667,1561278623695,0.601723399860143,0.7423243699084667,0.5991171656263247,0.8174388967689484
25.315606666666667,51.421185,1561278624967,0.551464793498461,0.6994284471870196,0.5961515705523568,0.8048858615390332
25.31563,51.42104666666667,1561278626896,0.5683110059997505,0.7134574449797791,0.6042449694384806,0.8114919032557015
25.31547333333333,51.421285000000005,1561278628536,0.6343276189208586,0.6753409164329638,0.6095328386261215,0.8065748290508361
25.31551833333333,51.421255,1561278628932,0.5670805978411778,0.7494191641284739,0.5742920516307428,0.8404636875057155
25.315535,51.42122833333333,1561278630104,0.5832030258040448,0.7142099076327425,0.6050876501109983,0.8054790439866518
25.315544999999997,51.421218333333336,1561278630906,0.5863312141891266,0.713589459076882,0.6034342561794845,0.8101953285904611
25.315544999999997,51.42121166666667,1561278632071,0.5883832650272618,0.7091734730220612,0.6030754114819528,0.8097091848413166
25.315835,51.420683333333336,1561278635759,0.546549089725666,0.7370224436577835,0.6008769922894913,0.8115367902233859
25.315358333333332,51.42109666666667,1561278639403,0.6246255493504634,0.6628460144707224,0.6063742992286332,0.807039878955095
25.315448333333332,51.42117833333334,1561278641385,0.6026569963125328,0.725255504987893,0.6009204901814583,0.8153939612618649
25.315288333333335,51.42130999999999,1561278642537,0.6248888139870604,0.659984295003962,0.606017381789404,0.8011900024366151
25.31538,51.421261666666666,1561278644171,0.5811265598927949,0.7290418068606618,0.5982869896841764,0.8171301903415785
25.315435,51.42123166666667,1561278644364,0.542843370686251,0.8101004911327551,0.5695037839643953,0.8779973249557695
25.31546,51.421218333333336,1561278646012,0.5876629406389525,0.7145460774175044,0.6073423122206414,0.8009768136452267
25.315468333333335,51.421193333333335,1561278646338,0.5667978582706389,0.7182266959706199,0.5920428797529451,0.8121392896828246
25.31547333333333,51.421185,1561278648101,0.5886861189541657,0.7101779032017123,0.6048626891332048,0.809584326218488
25.31555166666667,51.42097833333334,1561278651199,0.5698326997743363,0.7181285073685998,0.6017590025904282,0.81073353220658
25.315766666666665,51.42095166666666,1561278653277,0.5862204885057261,0.7458168067905675,0.6041029115223295,0.8124670875108702
25.315505,51.42108,1561278654533,0.6212029398096168,0.6353897059947141,0.6074523492941984,0.7961526918398245
25.315133333333332,51.42143666666666,1561278658442,0.6178771958020937,0.6754998377241354,0.6026371937560695,0.8119734338587086
25.31521,51.42134666666667,1561278658633,0.4467971148190556,0.8513327728496295,0.4525182625861937,0.9586632659041192
25.315215,51.421353333333336,1561278660412,0.591263731393824,0.7101688695414448,0.6164029484824474,0.7975335774325631
25.315213333333336,51.42135666666666,1561278660595,0.595664332499954,0.7059479531601152,0.6068139865631699,0.8066032973169447
25.315215,51.421365,1561278662303,0.5916079246056976,0.7095190644358412,0.602381505307783,0.81065690214377
25.315226666666664,51.42137666666666,1561278662662,0.6000087318742785,0.720682918574203,0.6067055441804732,0.8153309475212088
25.31525166666667,51.42138,1561278664242,0.590765584389392,0.7147773034302566,0.6017985230869816,0.8097176953827266
25.315508333333337,51.42111499999999,1561278670764,0.5777648762640154,0.7231111609980844,0.602445518890426,0.8105258948223185
25.315345,51.421598333333336,1561278671916,0.717742011001805,0.6589595204601206,0.6231637940187738,0.8013466052519103
25.315495,51.421335,1561278673006,0.5166390800826699,0.7579113741776813,0.5718289694053861,0.8249484445414202
25.315405,51.42087,1561278676971,0.5544518369946563,0.7011344850381322,0.6043797630273627,0.808012555468448
25.315463333333337,51.42102166666667,1561278679032,0.6125074909430837,0.7191974685435892,0.6075054298023622,0.8117322430912842
25.315325,51.42132166666667,1561278682030,0.6205612876552578,0.6928317714517928,0.6032305826607106,0.8089028635543063
25.31543166666667,51.42124333333333,1561278683621,0.575147916649449,0.7329178405385535,0.5979914627420319,0.8143799738814815
25.315558333333335,51.42112999999999,1561278684785,0.5605081173185495,0.7477134475522915,0.6006700089593217,0.8123682299714422
25.315483333333336,51.421105,1561278687705,0.5875196671846605,0.7000768442104816,0.6043317669178586,0.8076911816582418
25.315403333333332,51.42131166666666,1561278689002,0.6385911469754302,0.6873284718344649,0.6093856465584839,0.8087361338291673
25.315501666666663,51.42130333333333,1561278691989,0.5892752755884508,0.7208326421001499,0.6000102150159574,0.8121274332803871
25.31549166666667,51.42127833333334,1561278693401,0.5847384049594179,0.7066652429833162,0.6022409018085457,0.8087031895954495
25.31543166666667,51.42113666666667,1561278698438,0.5815689941502563,0.704954746616541,0.6026743630632189,0.8102652694645142
25.31557,51.42112166666667,1561278700631,0.5880433583535298,0.7315138384148596,0.6032751888297406,0.8122715217416698
25.31567,51.42100000000001,1561278701478,0.5464314292590635,0.7509871780675197,0.5945382255155514,0.8140247326753203
25.315633333333334,51.42103166666667,1561278702987,0.5965069670228453,0.7005678116589671,0.6083468853026556,0.8049359392878774
25.315355,51.42144833333334,1561278705013,0.6526796542623564,0.6605184321780008,0.6074311508929425,0.8071346386542686
25.315408333333338,51.421339999999994,1561278705942,0.5546536001875962,0.7295057059183236,0.5850785087523674,0.8222861355024935
25.315465000000003,51.421281666666665,1561278707356,0.5775755548145175,0.7233666729027955,0.6054993908574868,0.8096203872661778
25.31547,51.42112999999999,1561278711534,0.5790820738093283,0.709597314670693,0.6028404111151239,0.80978892683432
25.315546666666663,51.42121999999999,1561278713543,0.603750259591947,0.7226888668819661,0.6048397883635289,0.8113700455083979
25.31554,51.42109833333334,1561278714783,0.5602791150389516,0.7072693758091761,0.5968987808932928,0.8083162132298827
25.315436666666663,51.42123333333334,1561278715433,0.6532978978614055,0.6528707831039839,0.6267870033537386,0.7968342335831358
25.31547666666667,51.42121166666667,1561278716695,0.5849017044075175,0.7203988955826115,0.5936880199797799,0.8189423523110025
25.31548,51.421216666666666,1561278717490,0.5920368995390487,0.7106584293390282,0.6042855593464986,0.8083456879367252
25.315505,51.42122500000001,1561278725414,0.5904437568602181,0.7102908445571056,0.602746192329181,0.8103125150606888
25.31550666666667,51.421155,1561278727211,0.5782752440025333,0.7095019483349453,0.6016439382669635,0.8102492488475864
25.31543166666667,51.42124,1561278728963,0.6048810388247371,0.6940124250020434,0.6053274793521206,0.8088953506872845
25.31544,51.42123,1561278729191,0.5767830294639084,0.7221179935482538,0.5821060018542099,0.8301836163442529
25.31545,51.421215,1561278731144,0.587787688358368,0.710986898939739,0.6037251916888569,0.8094015800390632
25.31565666666667,51.42114,1561278733436,0.5801706258381625,0.7411078084904298,0.6022224074562423,0.8124376415374265
25.31552333333333,51.42112166666667,1561278734097,0.5816874545186996,0.6377338196186089,0.6031648818475831,0.785119393546052
25.315496666666665,51.42120333333334,1561278735893,0.6039549701149396,0.7039149417416131,0.6048598447634802,0.8162578343458546
25.31552166666667,51.421353333333336,1561278738481,0.6077535810722907,0.7125946677844062,0.6030261514123295,0.810860424220436
25.315363333333337,51.42128833333333,1561278738884,0.5410639969333756,0.5700279074119968,0.5750189234468525,0.7533148205915852
25.31548,51.421165,1561278740827,0.5708163835631698,0.7304389951706487,0.6053487252659301,0.8236233882850765
25.315505,51.42106833333334,1561278743092,0.577142319283173,0.713082546772035,0.6032484518220601,0.809085198523251
25.315405,51.421083333333335,1561278743630,0.5986044834627499,0.6433440897975975,0.6094721885996217,0.7894322687713072
25.315425,51.42107333333333,1561278745685,0.5886437209532852,0.7126203059348143,0.6019667850864521,0.8157521599373754
25.315395,51.42087,1561278748314,0.5665985209585721,0.7051320647098012,0.6013732072926411,0.8098610138246223
25.315468333333335,51.42114,1561278748745,0.7806719759710518,0.7694330692983414,0.6861034473839049,0.8343603793194518
25.315501666666663,51.421125,1561278750524,0.5875591913862885,0.7158094498193653,0.5845696173634491,0.8054628438293565
25.315331666666665,51.42127333333333,1561278753570,0.6049363261865729,0.6894073686576243,0.6037369610740575,0.8089232703755158
25.31539666666667,51.42130166666667,1561278755309,0.5950797009258973,0.7224112736625712,0.6018290732013779,0.8133781962298986
25.315526666666663,51.42099833333334,1561278759725,0.5692304686164547,0.7195994401017529,0.6017979448970893,0.8102173867573317
25.31574833333333,51.420923333333334,1561278761810,0.5791824617373454,0.7468261963403865,0.6035806504697819,0.8124242086871414
25.315685,51.42102833333333,1561278762756,0.6238849503826686,0.6854628333005031,0.6107071724111326,0.7998675178537132
25.31567166666667,51.42104166666666,1561278764370,0.5926366464206984,0.7062477226577769,0.5995320027591106,0.8123951195569351
25.315634999999997,51.421035,1561278767253,0.5894205055334463,0.7046691570319725,0.6025927779223478,0.8102317595560921
25.31547666666667,51.42108499999999,1561278772759,0.5928860526529438,0.6989890082673214,0.6028855092240326,0.8101537543284021
25.315198333333335,51.421236666666665,1561278772898,0.9220133457848972,0.0,1.0,0.0
25.315183333333337,51.42117,1561278775247,0.581491228367643,0.7069119016192483,0.5784609937040676,0.8588134625425033
25.314825000000003,51.420985,1561278780242,0.5788582717767694,0.6837664501413563,0.6026914923603215,0.8095733158664062
25.314731666666663,51.420971666666674,1561278781189,0.5858412790402504,0.6742683752070834,0.604016934451503,0.8087038216794208
25.31464,51.42095333333334,1561278784569,0.5884740289739017,0.699568485598684,0.6029105901960139,0.8115261551110043
25.314485,51.42052999999999,1561278787542,0.5468121268184034,0.6907089178021261,0.6004290630862898,0.8098397940047456
25.314231666666668,51.42025,1561278789842,0.5530943317480802,0.670164316193202,0.6032381323576242,0.8088806252537966
25.31417333333333,51.420100000000005,1561278792266,0.5713013957552983,0.7006505956417521,0.6040399751655956,0.8123466124111812
25.314043333333338,51.41990333333333,1561278792790,0.47596291466950413,0.6213088344291979,0.5722574952787647,0.7859210165562666
25.313793333333333,51.41925333333334,1561278796793,0.5407330909552841,0.6870549318190521,0.6054943063283682,0.8129665723587833
25.313438333333337,51.4189,1561278799434,0.5494295014771816,0.661567437802593,0.603332320535951,0.8087648850221454
25.31324833333333,51.41884166666667,1561278799758,0.5353605339933952,0.5014858324902756,0.595495427769398,0.730704526713873
25.313418333333335,51.41837833333334,1561278801849,0.5227242218380393,0.7379671382045535,0.6017661295139516,0.8285439935398143
25.313245,51.41813833333334,1561278804600,0.56358766955851,0.6868586441712506,0.6052717969478337,0.8073263230382246
25.3132,51.41773666666666,1561278806534,0.5269514610818257,0.7009328868389488,0.5996020503079207,0.8114926432525598
25.313139999999997,51.417566666666666,1561278806870,0.4362277143152154,0.6459302441393074,0.5574835090495104,0.7839417822788067
25.313004999999997,51.41720999999999,1561278809003,0.5392622980999168,0.6867581513931732,0.6108834507917795,0.8134043657945348
25.31275833333333,51.4166,1561278811924,0.526603006446859,0.679265913911777,0.6020528777175098,0.8099066752837358
25.312626666666667,51.41622166666666,1561278814829,0.550510063708652,0.693121376374498,0.6041605020634243,0.8110885467800438
25.31230833333333,51.415475,1561278817758,0.5125839209821117,0.6706819755757578,0.6006077125077808,0.809085485003588
25.31224666666667,51.41527666666666,1561278818862,0.5354795847223837,0.689390868820899,0.6062590152484291,0.8130507280864763
25.31218,51.415078333333334,1561278820183,0.5444559742360626,0.6913000396762315,0.6039198577724565,0.8105528758973458
25.311705,51.41368166666666,1561278829407,0.544067300997402,0.6909355080583703,0.6027728516337316,0.8103136219067772
25.31134833333333,51.41281166666666,1561278832093,0.4916022902420718,0.6621452492122599,0.5995031512518492,0.8085927983085859
25.31135,51.41258,1561278832220,0.03527083973546807,0.713821269378381,0.0,0.8758871458591254
25.311201666666665,51.41217,1561278834905,0.5436768692914159,0.6896077217651191,0.6345448940666132,0.8088668244021134
25.310998333333337,51.411461666666675,1561278837621,0.5107959561175341,0.6826591296429239,0.6007489846345776,0.809907733089049
25.310836666666667,51.411051666666665,1561278840160,0.5410060293798057,0.6866227825079372,0.6047759693497717,0.8105715456683817
25.310549999999996,51.41036,1561278843125,0.5191676835386188,0.674931832741267,0.6015443226291247,0.809684620990272
25.310413333333333,51.409949999999995,1561278845762,0.5428314175747603,0.6908184668904138,0.6042853320061362,0.8112907744706207
25.31004666666667,51.408901666666665,1561278851428,0.5338455741912773,0.6862544066667678,0.6025138697835558,0.8101901897781536
25.309918333333332,51.40850166666667,1561278854254,0.5470706201143201,0.6930903872151113,0.6035649881946701,0.8107097791893679
25.30964333333333,51.407565000000005,1561278858355,0.5206512922967652,0.6854244916813937,0.6016991982173964,0.8100187768170333
25.309608333333337,51.40738,1561278859892,0.5535125015812162,0.701108624057586,0.6063665933517902,0.811964315028681
25.309576666666665,51.40716833333333,1561278860153,0.34344605455805777,0.6662036163546882,0.4677598659525368,0.7887699423257457
25.309498333333337,51.40680166666666,1561278862665,0.5457252059623195,0.6981294059836284,0.6162886213094841,0.8123679574157106
25.309383333333336,51.40600333333334,1561278865507,0.5046805116126113,0.6948424950488138,0.6003571345001549,0.8101336248887652
25.309405,51.40583166666667,1561278866723,0.547183033006291,0.7154839267806496,0.6086435053382461,0.8130553044938909
25.309395,51.40562666666666,1561278868526,0.555539789520144,0.7072091797228472,0.6035574629290655,0.809580452939947
25.309366666666666,51.404383333333335,1561278873992,0.5209350272060236,0.7073376529862619,0.6017178622056126,0.8103237775358355
25.309401666666663,51.40412666666666,1561278874313,0.3469132311952995,0.7477892763231723,0.511834526117989,0.8306263429859218
25.30936,51.40374166666667,1561278877079,0.5477862286817773,0.7038384211769295,0.6149628429425219,0.8077595409298501
25.30937,51.403328333333334,1561278881252,0.5599958813472141,0.7100221719957552,0.6032707571548278,0.810558773769011
25.30947,51.40208333333333,1561278884442,0.4714112764464374,0.7202757326375795,0.5981213822118694,0.8108379367592988
25.309489999999997,51.40185833333333,1561278885098,0.48579685005080064,0.7199710974629009,0.6064587142154868,0.8102451598567812
25.30955666666667,51.40141833333334,1561278887304,0.5294550870266702,0.7198764673335297,0.6060999563794082,0.8103130777725557
25.309665000000003,51.400780000000005,1561278890244,0.524082160044282,0.7222236631087053,0.6024733391317829,0.8104486380958272
25.309633333333338,51.40053666666666,1561278891503,0.531335152053943,0.7002655043265347,0.6037463574992521,0.8075095703020173
25.309711666666665,51.40010166666666,1561278893359,0.5188337406288743,0.7241210465137334,0.6016499601951429,0.8123911437974535
25.310108333333332,51.39875666666667,1561278899113,0.5190237154931397,0.7335885394840049,0.6027854591690419,0.8105851245474166
25.310146666666665,51.39854833333334,1561278900550,0.5460257473285386,0.7186210813260999,0.6059321785895355,0.8086416023980797
25.31023,51.39809666666667,1561278902301,0.5116635610680696,0.7260287024979615,0.5994877922703516,0.8110016906293301
25.310583333333337,51.39674333333334,1561278908192,0.5202469307888522,0.7304155828304364,0.6030243484278912,0.8104399863869395
25.310801666666663,51.39605333333334,1561278911273,0.5220037335296008,0.7342709698876714,0.60287557672252,0.8105216303907478
25.310800000000004,51.39584333333334,1561278912195,0.5208440914308924,0.7085332668035386,0.6025689240121163,0.8058217786047882
25.31077,51.39500833333333,1561278916743,0.5342788909571891,0.7068373115328502,0.6032754765669104,0.8102599011144436
25.31100333333333,51.394155,1561278919961,0.5094652493811005,0.7348533422170304,0.6014863605110831,0.8117228734936345
25.31103,51.39353333333334,1561278923028,0.5284697759745075,0.7122528085880682,0.603819422574127,0.8091325658321119
25.311103333333335,51.39293333333333,1561278926058,0.5298919459691893,0.7177450525583902,0.6028586596587844,0.810612074400132
25.311143333333337,51.39270499999999,1561278927322,0.5351773293269485,0.7203811338370584,0.6034813943598067,0.8106560469424041
25.311265,51.39221166666666,1561278929153,0.5081698547069509,0.7327069082720277,0.6003054758978388,0.8114047331646004
25.31152833333333,51.39051333333334,1561278939794,0.5415772945164824,0.7179379389109438,0.6033065956365383,0.8100963401870218
25.311836666666668,51.38913666666667,1561278943706,0.48308338344069246,0.7370875771128073,0.6002715371043637,0.8111087825393629
25.311825,51.388713333333335,1561278948540,0.563486342688517,0.708318716928872,0.6055701985178304,0.8093609936232776
25.31202,51.38746666666666,1561278951732,0.4713268382071421,0.7308093144816551,0.5979364200100522,0.8114553645639618
25.312371666666664,51.386135,1561278956586,0.5066762648793008,0.7348321048190589,0.6040016208133733,0.8104535354176743
25.31272333333333,51.38507166666667,1561278961281,0.5212345419135036,0.7357010552891294,0.6033001038504248,0.8103498137351971
25.31266666666667,51.38469,1561278963280,0.5320488254615514,0.6991338609009506,0.6036874631347314,0.8073723133800568
25.31293333333333,51.38334166666667,1561278973500,0.5499943024800231,0.7184144927671033,0.603074488897255,0.8106239885628862
25.313121666666667,51.381686666666674,1561278976636,0.4295998335325435,0.7304427732118081,0.5963395243716638,0.8109380470650689
25.313331666666667,51.38096666666667,1561278979956,0.5241590276204134,0.7315752914450224,0.6075579383875096,0.8103749578809497
25.31335,51.38077499999999,1561278980637,0.5045152297957793,0.71870793924593,0.5979408667790448,0.8072753000937287
25.313378333333336,51.38037666666667,1561278988262,0.5742338348442853,0.7104894851292006,0.6043137988816959,0.8101463095169356
25.31366666666667,51.37837833333333,1561278992125,0.43277582471631404,0.7356080403446839,0.5966368579778872,0.8113677721604293
25.31374166666667,51.37794,1561278994233,0.5268751112354441,0.7217741163473994,0.6102684719523835,0.8092625012879561
25.313938333333333,51.37679333333334,1561278998263,0.5035772198984704,0.7264568169609593,0.6018100948136489,0.8105072274026258
25.314064999999996,51.37657333333333,1561278999171,0.5164259975394222,0.758579343453702,0.6051537966337495,0.8160206463637577
25.314103333333332,51.376331666666665,1561279000077,0.5089891626341381,0.7241582557308491,0.601402894783396,0.8041979326833758
25.314151666666664,51.376095,1561279001331,0.5327178192045098,0.7228240583092448,0.6059542916641343,0.8101485456061428
25.314198333333337,51.375855,1561279002137,0.4995517941765653,0.7296791353255976,0.595876879052486,0.811690487785487
25.314261666666667,51.37562833333333,1561279003097,0.5183056655742646,0.7325383325797027,0.6060571117890242,0.810799915682574
25.314306666666667,51.37540166666666,1561279004661,0.5460410858063344,0.7193635584940175,0.6057548733878175,0.8089625913916411
25.31435666666666,51.37517833333333,1561279005067,0.4228047227920805,0.7527894929355201,0.5518591535919212,0.8235865563599636
25.314408333333336,51.37495333333333,1561279006268,0.5331392542716562,0.7244094215865006,0.618191620373785,0.8065122133211511
25.314461666666663,51.37473333333334,1561279007710,0.5437177211614563,0.7222723942126666,0.6040105846616606,0.8100811837816205
25.314506666666663,51.37451166666666,1561279008123,0.42686812739121355,0.7477625618311156,0.55531647606577,0.8202654219719117
25.315165,51.37114833333333,1561279028935,0.54096813389654,0.7203764666704798,0.6036996368993133,0.8101079503508356
25.315375000000003,51.36990666666667,1561279029575,0.0,0.8253829060931384,0.46098071226803616,0.8367584994624118
25.315425,51.369431666666664,1561279032340,0.5378702256249551,0.7155778506300622,0.6354134813000899,0.8039207529362603
25.315858333333335,51.36780666666667,1561279039450,0.5206051316336936,0.7307585975535569,0.6023725575913828,0.8106640424739499
25.315965,51.3672,1561279042473,0.5290816807705138,0.721670095158178,0.6032503158262904,0.8098355331657952
25.31610333333333,51.366456666666664,1561279046151,0.5286500787065155,0.722493870332123,0.6027602346251897,0.8103560810323761
25.316423333333333,51.36492666666666,1561279052604,0.5180051709837384,0.7267361363036693,0.6025031865821756,0.8104259245646069
25.316593333333337,51.36430666666667,1561279056620,0.5431651669266256,0.7241653938130452,0.6038309113698995,0.8102168409066149
25.316978333333335,51.362849999999995,1561279063071,0.5214405535411951,0.7303101032294008,0.6022149742374113,0.8104734784236847
25.31716666666667,51.36221333333333,1561279065841,0.5202120737129462,0.7332530850775802,0.6027055209039098,0.8104911921049657
25.317380000000004,51.36154,1561279069311,0.5311012132835345,0.7309471264622567,0.60330635719589,0.8102129064909004
25.317525,51.36114666666667,1561279070690,0.5033648560696193,0.7464131407888375,0.5994057481913145,0.812127227273087
25.31767,51.36073666666666,1561279072849,0.5323609249105457,0.7329592543336142,0.6050329587707242,0.809315845821401
25.31788333333333,51.36010666666666,1561279076403,0.5362049433790014,0.730432498749754,0.6029613676068518,0.8102054264664873
25.318171666666665,51.359516666666664,1561279080065,0.5411175850063156,0.7370589819153684,0.6030049703704277,0.8106115755040284
25.318281666666667,51.35922666666667,1561279080703,0.45186422241097696,0.7702359009091868,0.5793113841355811,0.8186994568272759
25.31843333333334,51.35883333333333,1561279083431,0.5462673171182039,0.7288635692090615,0.6085852110271206,0.8078761846059483
25.318738333333332,51.358095000000006,1561279087175,0.5301399629418664,0.7380248178210022,0.6020573014562972,0.8107142838077263
25.318843333333337,51.357858333333326,1561279087706,0.45455477429309127,0.7792055230860969,0.5789004728367817,0.8228168317270365
25.319095,51.35729500000001,1561279090771,0.534218556929131,0.7382536657036677,0.6071401820143871,0.8081669896041151
25.31933333333333,51.356715,1561279094628,0.5443838381702489,0.7310580023139077,0.6032220523678277,0.8100193671083763
25.319748333333337,51.35622,1561279098280,0.5488958446115662,0.7494191641291247,0.6029871831082487,0.8111301493616434
25.319906666666665,51.35605166666666,1561279098733,0.4770948282366795,0.8329608084295618,0.5761901562494964,0.8400370489107964
25.320325000000004,51.35565166666667,1561279105422,0.5719345333491184,0.7313229429271269,0.6051584639450022,0.8078715169564002
25.321194999999996,51.354996666666665,1561279107586,0.4980572572167537,0.8515584134598339,0.5970528079595842,0.819273150352514
25.321373333333337,51.35487,1561279109079,0.5643178743061444,0.7514768250509156,0.6102251443954317,0.7995182086015001
25.32166666666667,51.35465333333333,1561279111210,0.5591976567174892,0.7579240802371124,0.6023768443474395,0.8108075100878291
25.322151666666667,51.35424,1561279114767,0.5547783264371521,0.7574637765477995,0.6025714931197382,0.8102991374435338
25.322356666666664,51.35403833333333,1561279116453,0.553741193047205,0.7522358850950089,0.6026767253464501,0.8098203353857408
25.322611666666663,51.35380833333333,1561279118594,0.5574478415602674,0.7513553183477832,0.6030703540464334,0.8102537155855075
25.323036666666667,51.35337333333334,1561279122348,0.5548776061349985,0.7492690736451199,0.6026650625987883,0.8102304387913588
25.323198333333337,51.35328666666666,1561279122661,0.5059018067887197,0.8921006398443015,0.5765305258530851,0.8838527501601717
25.32335666666667,51.35321999999999,1561279123858,0.5731831193150007,0.756020309229961,0.6122092844609925,0.7920009711568871
25.32368,51.35314666666667,1561279126012,0.579768306411098,0.7623361501004956,0.6032927871789682,0.8107924734362042
25.325384999999997,51.35303999999999,1561279137432,0.5872828106424974,0.7620496857505025,0.6028903070542388,0.8103159480246156
25.32561,51.35302,1561279137706,0.5679215932928985,1.0,0.5909259403610744,0.9502583329010075
25.326533333333337,51.35292,1561279144037,0.5853193992109931,0.7608256062506956,0.6032409240066413,0.8042324284251661
25.328011666666665,51.35276833333334,1561279153935,0.5854630690584135,0.7620699784606193,0.6027823554695214,0.8103402484502543
25.328546666666664,51.35281166666667,1561279157802,0.593532394613364,0.7581718474023125,0.6031299826168037,0.8101575537417871
25.328778333333336,51.352754999999995,1561279158616,0.5689489714964507,0.8099689876869149,0.597713513784026,0.820573732088273
25.329183333333336,51.35270833333334,1561279161618,0.5853954727135495,0.756953500704691,0.6036989827160842,0.8074742641627742
25.32987333333333,51.35281333333334,1561279168484,0.594775486572752,0.7447650600299319,0.6030091031335262,0.8100339378684359
25.330225,51.353075,1561279171606,0.615617618013049,0.7490668102238182,0.6038998516215393,0.8105420209463811
25.330295,51.353165,1561279174707,0.5989518028893742,0.7171681024067209,0.6018783350214301,0.8086624183807758
25.33035166666667,51.353255,1561279181566,0.5941150393980854,0.712099436665831,0.602661622804603,0.8102009114727664
25.330346666666667,51.35325833333333,1561279181720,0.5967076658095998,0.6976747041308835,0.6056041586199676,0.7952265562857835
25.330346666666667,51.35325666666666,1561279183309,0.5898048345080029,0.7091734730220612,0.6020511588987277,0.811486070400471
25.33034,51.35326333333334,1561279185635,0.5909956735368572,0.7081583911023553,0.6028658070691195,0.8102496679197994
25.33039666666667,51.35328333333334,1561279189307,0.5917805789821063,0.7146389372466301,0.6028157793458722,0.8106043772420004
25.330345000000005,51.353295,1561279193365,0.5909983589733038,0.7046642630116826,0.6027475835181776,0.8099239057583547
25.33035166666667,51.3533,1561279193769,0.5938883683610237,0.7150177317942827,0.6039799722400393,0.8144495666491219
25.330364999999997,51.35330999999999,1561279195144,0.5923360273376478,0.7126077719951195,0.6025905263242147,0.8100375618785152
25.33038,51.353305,1561279195665,0.5872047632294412,0.7193700780656777,0.6011276971653716,0.8124114912562849
25.33039666666667,51.35333833333334,1561279197224,0.5966274271577553,0.7129596830043962,0.6037938544538346,0.809657408028964
25.330409999999997,51.35337500000001,1561279197776,0.6103284836948348,0.7177281126741537,0.6069437896476314,0.8117119839406159
25.330406666666665,51.35344166666667,1561279198980,0.6069661337899356,0.7081929578459909,0.602311432413915,0.809043838510758
25.330393333333337,51.35351000000001,1561279199722,0.6181360483076962,0.7028093745207742,0.6053053080438129,0.8091508446685811
25.33037,51.353595,1561279200801,0.6140854620359449,0.7015147316791935,0.6021501554366705,0.8101266466277541
25.330055,51.354536666666675,1561279210580,0.61941397512219,0.6977652456219469,0.6028713304575194,0.8102582057854208
25.329925000000003,51.35498666666667,1561279216233,0.6143370436387247,0.7010289354977066,0.6026292582245635,0.8104130217989645
25.329749999999997,51.35519666666667,1561279220107,0.6066122463277582,0.6931749277701685,0.6024454101020692,0.8099933024617902
25.32964833333333,51.35564166666666,1561279224144,0.6236527800045452,0.700254355283766,0.6034880399373291,0.8106025694436103
25.32957333333333,51.35658333333334,1561279234457,0.6178973539091048,0.706597873668714,0.6026862991852757,0.8104191066634086
25.32941,51.35725166666666,1561279239505,0.6303948263404898,0.6977141874933689,0.6031952424628861,0.8100364105863493
25.329281666666663,51.35783166666667,1561279245108,0.621610454059719,0.7010616042927303,0.6025169104952282,0.8104162599335046
25.329265000000003,51.35789499999999,1561279245717,0.6217563490706813,0.6994810241551584,0.6028201092812185,0.8099017745047042
25.329224999999997,51.358104999999995,1561279249252,0.6081934510185044,0.7051659812904023,0.602136277276793,0.8105791326928231
25.32915666666667,51.358376666666665,1561279253587,0.6091857378582797,0.7035907566245251,0.602818320373895,0.8102614364012285
25.329134999999997,51.358468333333334,1561279253776,0.7376496023287797,0.6685728816307392,0.7168052338456116,0.7804641710178287
25.329211666666662,51.35877833333334,1561279260824,0.6035025735059665,0.7130259739110805,0.5995869326635767,0.8113363255932353
25.329311666666666,51.358646666666665,1561279264993,0.5805174416267143,0.7176686057096989,0.601855015304917,0.8104994359328405
25.32927833333333,51.35849499999999,1561279265675,0.5224807105741285,0.6918634983520898,0.5885041135833662,0.8042229043715857
25.32928,51.358419999999995,1561279266852,0.570741678932835,0.709674976961953,0.6096585459605451,0.8127584999783776
25.329271666666667,51.35825,1561279269400,0.5698298739919203,0.7080151721267589,0.6027198882131451,0.8102150217025401
25.32933166666667,51.357871666666675,1561279273323,0.5607896603933251,0.7145901757762303,0.602393337704191,0.81059006157282
25.32937666666667,51.357588333333325,1561279276869,0.5658199110489217,0.7136679156836911,0.6030178963695177,0.8102780803000221
25.329391666666663,51.35752333333333,1561279278523,0.5781703481282318,0.712385341960362,0.6040325680848929,0.8101950367785892
25.329455,51.357255,1561279280947,0.5564525526505215,0.718426882748898,0.6012768988696156,0.8107216108232341
25.32951666666667,51.35681833333333,1561279285281,0.5594774867732613,0.7142126966127069,0.6028970075785387,0.8101633056902426
25.32966333333333,51.35631,1561279289476,0.5532656188578724,0.7215557786204213,0.6025315085923738,0.8106020539538185
25.329706666666667,51.355866666666664,1561279292915,0.5509121120081294,0.7136361143548333,0.6026651142503362,0.8099489032282319
25.329748333333335,51.35538666666666,1561279300606,0.5711403609092274,0.7110921771445617,0.6032211428836619,0.810266690432292
25.32982,51.355225,1561279300784,0.3138634850933446,0.8517668205379273,0.3603072211017726,0.9376693678493816
25.32998166666666,51.35492333333333,1561279308108,0.577595429265968,0.7169910867866143,0.6088207488335675,0.8073547192078868
25.330118333333335,51.35436500000001,1561279312350,0.5500887627488564,0.7205836925347744,0.6016921196109047,0.8104564609620154
25.330176666666663,51.354276666666664,1561279313006,0.5491658565352349,0.7406665443118393,0.6025439075156586,0.8152531199948924
25.33035333333333,51.35417166666666,1561279316766,0.5816297295066858,0.72581406728817,0.6042283406913342,0.8096834701146842
25.330426666666668,51.35413833333334,1561279321173,0.5878232055749584,0.7150667986392786,0.6030156823006996,0.8099270231282858
25.330493333333333,51.354018333333336,1561279321700,0.5208628715283004,0.7539757604007762,0.5814647361346593,0.8222170605721341
25.330526666666668,51.353938333333325,1561279322859,0.5691284471360214,0.7193593252437356,0.6097660422157788,0.8055071668627715
25.330588333333335,51.35377,1561279325487,0.570640555867056,0.7174839734180276,0.6028764454502017,0.810205000552884
25.330651666666668,51.35349666666666,1561279329624,0.5700271515097471,0.7145953403598891,0.6027550465880513,0.8102074757736824
25.330665,51.35348333333333,1561279329802,0.5673395110552176,0.7357024679052818,0.6002469316972284,0.8294277659957886
25.330676666666665,51.353478333333335,1561279331558,0.5892577817262409,0.7115264860933703,0.6048738587134574,0.8081014840705613
25.33068166666667,51.353495,1561279341058,0.5906575066690313,0.7093598741179032,0.6028046377714982,0.8102832400087093
25.330785,51.35336166666666,1561279345355,0.5806856220209526,0.7176902867163208,0.6023906118701465,0.8106323837367949
25.330854999999996,51.353208333333335,1561279345698,0.45414839545749064,0.7814514488837858,0.5408919433236345,0.8402745615758411
25.33111166666667,51.352675,1561279353269,0.5686967620314107,0.7211800244658443,0.6053180731870683,0.8090371893283367
25.331243333333337,51.352441666666664,1561279353463,0.22428218597900404,0.9495412089108727,0.3049544137040559,1.0
25.331603333333337,51.351875,1561279357777,0.5501693764881297,0.738728027826214,0.6154526231397764,0.802445569160712
25.331873333333338,51.351598333333335,1561279361954,0.5699768677547897,0.7320664014560656,0.6035754331196586,0.8100629997681057
25.331971666666664,51.35156,1561279362678,0.5740190425504552,0.7572755973797857,0.6037165300945151,0.8159307467748543
25.332235,51.35153166666667,1561279366610,0.5879320659921389,0.7328923645594109,0.6033735152843248,0.8093207294661027
25.33264,51.35224333333334,1561279374488,0.6176014720884011,0.727380586896554,0.6034117136992854,0.8102072504500524
25.3332,51.35394833333333,1561279386091,0.6348202401719663,0.726266532211247,0.6030288714653649,0.8103045184389414
25.333293333333337,51.35473,1561279390512,0.643903676674014,0.7166503170911692,0.6031245970349512,0.8099694928220315
25.333323333333336,51.35482666666667,1561279391217,0.6318305665619435,0.7242441999038677,0.5999070758194385,0.8120556945745956
25.33343166666667,51.35535,1561279395086,0.6312670479888046,0.7190901333618734,0.6027554866291683,0.8101053295301655
25.333435,51.35539333333333,1561279398772,0.5936997691181553,0.7094937498185856,0.6010701551409021,0.8099004695274851
25.333425,51.35541833333333,1561279407587,0.5909865253157468,0.7087717009496299,0.6027282849368932,0.8103067909807556
25.33342,51.35542,1561279412066,0.590237057134842,0.7087781145920583,0.60275184969815,0.810320220850974
25.333401666666667,51.355414999999994,1561279416784,0.58980152105258,0.7077972603263311,0.602764434139636,0.8102864898980289
25.333385,51.355414999999994,1561279421097,0.5901238729301539,0.7078048893535103,0.6027924585942984,0.8103202751401084
25.333398333333335,51.355426666666666,1561279421677,0.5962422597668147,0.7173151300745982,0.6045495853522839,0.812962183020437
25.33342,51.35541833333333,1561279429413,0.5897962151923478,0.7101653954329252,0.6026401359872038,0.8101710627575157
25.333410000000004,51.35538,1561279434102,0.5876372239229238,0.708418168945293,0.6027026785974438,0.8102599460598975
25.333399999999997,51.35537666666667,1561279434749,0.5885567877658984,0.7036995613995869,0.6030183498052429,0.8091447933543586
25.333393333333333,51.35538,1561279438656,0.5903833825542321,0.7085691524323562,0.6028583502245516,0.8105208300506934
25.333406666666665,51.35541333333334,1561279442734,0.5926101507724371,0.7103314330733641,0.6028715235026565,0.8103896253145663
25.33341833333333,51.35546166666666,1561279446579,0.5939474384706076,0.7102480870541078,0.6028382663968737,0.8103164971828949
25.33341666666667,51.355535,1561279450391,0.5959753656600514,0.7090186277611127,0.6028691649830609,0.8102680189669843
25.33347,51.35651500000001,1561279458593,0.6264671802367452,0.7114764045458495,0.6034035771752365,0.8103682763823455
25.33347666666667,51.35664,1561279462428,0.6000381894596681,0.709789139396636,0.6016238153877734,0.81024909456027
25.333711666666662,51.35743333333333,1561279466970,0.6432522693882222,0.727497578967769,0.6043760209755282,0.8109482425306045
25.333715,51.35755000000001,1561279467741,0.6361506480760728,0.7107046536634428,0.6012347185800875,0.8068102659536903
25.333645,51.35791833333333,1561279471571,0.6193761975958234,0.7027005368022623,0.602045183946792,0.809983233868766
25.333248333333337,51.35978166666667,1561279482967,0.639858200241908,0.69684596403463,0.6030814307071982,0.810237206611847
25.333191666666668,51.36037666666666,1561279486178,0.6464869630986895,0.7029233376646598,0.6031262378309622,0.8106249738165376
25.333135,51.360545,1561279487997,0.6182723925816899,0.6981403863631186,0.600177827302429,0.8098962844489077
25.333106666666666,51.360653333333325,1561279488675,0.6387254708230039,0.6943731893706171,0.6078406261625553,0.8094246466957393
25.33247833333333,51.361013333333325,1561279502626,0.5979728904352912,0.6932225131368948,0.6022898800794673,0.8103066993807623
25.332318333333333,51.36117666666667,1561279505456,0.6076791029980241,0.689150175115047,0.6033552881369266,0.8100881127269849
25.3323,51.36177666666667,1561279509913,0.6310713126181866,0.7077166699037184,0.6036603826493805,0.8109912462830128
25.33235666666667,51.361889999999995,1561279510709,0.6334313346482254,0.7343860165303735,0.6032772967601843,0.8157188283449506
25.3324,51.36199666666666,1561279512019,0.6148909960773883,0.7208887581677763,0.60040565944832,0.8086597332929053
25.33249,51.36232666666667,1561279514799,0.6262305298658,0.7206391519271975,0.6034641983399583,0.8103055220050831
25.332351666666668,51.36275333333333,1561279518842,0.6222237307805982,0.6970556344600016,0.6026136650006252,0.809380037743469
25.33231,51.36296833333334,1561279520904,0.6218391079935454,0.7020169485767893,0.6027486288134706,0.8107077019557553
25.332215,51.36333333333334,1561279523741,0.6292576407723254,0.6973139743388529,0.603218593336651,0.8100528652727447
25.332109999999997,51.363895,1561279528472,0.6262352323667761,0.7013131858557111,0.6026727482249631,0.8104562043253644
25.33206,51.36403,1561279528796,0.7168618859095165,0.6545188307809424,0.6497037047599796,0.7870471458857677
25.331881666666664,51.364596666666664,1561279533185,0.6293956199456227,0.69478320084695,0.5994367609248964,0.8117982688624787
25.33165,51.36496666666667,1561279535404,0.6408419240913231,0.6721984622358177,0.6036452670303034,0.8086799337490658
25.33169666666667,51.36521,1561279538141,0.6171662549465321,0.7152120421910024,0.6013287796342038,0.8128523871601571
25.331673333333335,51.36528833333333,1561279538645,0.6373991634865832,0.6927770803480612,0.6095144905680687,0.8031470731114648
25.331588333333336,51.365525,1561279542666,0.608026681030616,0.7016868336420469,0.6015544899878726,0.810677043049143
25.331363333333336,51.366308333333336,1561279555490,0.6087036814456126,0.7029596186559744,0.6027887766643317,0.8103359832062512
25.330961666666667,51.36758833333333,1561279564333,0.6341518245156114,0.6930867261226757,0.6032626885661948,0.81014008405048
25.330526666666668,51.369013333333335,1561279568395,0.696830914877505,0.6712462190695925,0.6053685199583954,0.8094535794154465
25.330468333333336,51.369185,1561279568718,0.7517835055846968,0.6452123127516196,0.6313208258418478,0.7973321234277924
25.330415,51.369365,1561279570359,0.6234881761642093,0.6976630255140615,0.589664435269602,0.8154704240337578
25.330266666666663,51.369915000000006,1561279573277,0.6474556676983921,0.6911700315810435,0.6041578258280424,0.8099614310372105
25.330030000000004,51.37079166666667,1561279578046,0.6460384838144185,0.6915978053052654,0.6027300686466925,0.810334444101317
25.32963333333333,51.37219333333334,1561279586160,0.6426684472047332,0.6918596583283786,0.6027102447026248,0.8103251903525082
25.329371666666663,51.373001666666674,1561279591022,0.6406939562660411,0.6901129194664039,0.6027117929881433,0.8102620987123541
25.329065,51.373843333333326,1561279595903,0.6425743515643333,0.6869219456578967,0.6028445487194546,0.810214644743492
25.329001666666667,51.37401166666667,1561279596752,0.6504326564945165,0.6827538438387939,0.6043326767015386,0.8095288896522105
25.328801666666664,51.374723333333336,1561279600931,0.6419229938128223,0.6922238639413566,0.6024383171520011,0.8106851470309759
25.328575,51.37559666666666,1561279606040,0.6421189551774552,0.6934606645418434,0.6027863549894802,0.8103589991076935
25.328363333333332,51.37615833333333,1561279610707,0.626730438496218,0.6931108402169437,0.6022267728333175,0.8103079116042663
25.328238333333335,51.376503333333325,1561279615922,0.6102464184230535,0.7006844490113354,0.6022496579582461,0.8105540082710755
25.328235000000003,51.376601666666666,1561279620687,0.5964009287675875,0.7089257206040153,0.6022924733398892,0.8105986871321397
25.32821,51.37664499999999,1561279620861,0.6658753289463144,0.6582881164418968,0.6697618499807919,0.7634251663645362
25.328185,51.376673333333336,1561279622796,0.5945777152488926,0.7045977355324322,0.5965986731317573,0.814176471554616
25.328065,51.377075,1561279629831,0.607490673855576,0.7031323287705743,0.6030878446136797,0.8102864244573652
25.328011666666665,51.377426666666665,1561279634689,0.6121425808252757,0.7052853206220263,0.6029405611691518,0.8103914045249081
25.32794666666667,51.37767999999999,1561279634877,1.0,0.5867238171107306,0.9488757374705206,0.7086981965984037
25.327715,51.37835499999999,1561279639696,0.632729305805557,0.6921476276317453,0.589994605068494,0.8138451822245617
25.327518333333337,51.37898333333332,1561279644102,0.6335012954385512,0.6933650581165325,0.6028093138111997,0.8103645147776507
25.327448333333336,51.37925,1561279646200,0.6287856118764615,0.6973568163386343,0.6024028510818284,0.8106265813566305
25.327313333333336,51.37972333333334,1561279649046,0.6407122013722049,0.6923737959193142,0.6034829336499008,0.8100378539327331
25.326866666666668,51.38108999999999,1561279658314,0.6349772051019436,0.6921048070197517,0.6026761128476881,0.8103153133041842
25.325921666666662,51.38416833333334,1561279675780,0.6437331961807398,0.6900114916157756,0.6028640200661748,0.8103006774444458
25.325665000000004,51.385056666666664,1561279680846,0.6434609127382863,0.6912300065838757,0.6027709039589166,0.8103587485857945
25.325408333333332,51.385888333333334,1561279686038,0.6388467300001555,0.6916654605064833,0.6026308326290464,0.8103335048759981
25.32495666666667,51.38726333333334,1561279695365,0.6349652413049944,0.6920229201201497,0.6027101071174734,0.8103261658074673
25.32492166666667,51.38741,1561279696265,0.639692518006171,0.6954005031766003,0.6036610720140053,0.8109247243159408
25.324846666666662,51.387695,1561279697886,0.6436024669321055,0.6927871953340111,0.6031845617235941,0.8100602084045733
25.324771666666667,51.38795,1561279700307,0.6221617349466466,0.6982019091523567,0.6012942348589457,0.8106803875730639
25.32473333333333,51.38806833333333,1561279700670,0.6892797839108119,0.6717734368397971,0.6337979921152241,0.7985881417400484
25.324363333333334,51.38923833333333,1561279710934,0.6247965483438377,0.6964065234662272,0.601725989231842,0.8107067159553101
25.32415,51.38997166666666,1561279720447,0.6135716709793579,0.7012312279429613,0.6025819747017813,0.8104017149778581
25.3237,51.39136499999999,1561279725553,0.6731265982341311,0.6779605986034569,0.6047365967604812,0.8095855974546733
25.323645000000003,51.39152666666667,1561279725717,0.8899674646330479,0.5903996041555633,0.8245890319267151,0.7242864400434842
25.32353333333333,51.39185333333333,1561279728010,0.6334568873973754,0.6919261554776921,0.5840134188889312,0.8174547043946684
25.322973333333337,51.39350666666666,1561279739671,0.6332502287744443,0.6921654320504803,0.6027769474284662,0.8103232965861408
25.322799999999997,51.39425500000001,1561279749422,0.613467270665268,0.7028779039348048,0.6024395717032957,0.8104970179398021
25.322793333333333,51.394278333333325,1561279749809,0.6084632236326899,0.7030724897042898,0.6006107558325735,0.8104010117664404
25.32278666666667,51.39432166666667,1561279754516,0.5929241179595347,0.7086718625389559,0.602226106477585,0.8105116786697651
25.322809999999997,51.39434166666667,1561279761199,0.5910341564289971,0.710410010790306,0.6027324783954917,0.8103618999846168
25.322808333333334,51.39435166666667,1561279764258,0.5911182215121955,0.7089805112258089,0.6027845306462439,0.8102446882754402
25.32277,51.394369999999995,1561279769437,0.5912006199021196,0.7065520763944957,0.6027825895011119,0.8102444319194658
25.322766666666663,51.39435833333334,1561279769832,0.5811399125227091,0.7061847634695373,0.5985071110838458,0.8101701458464985
25.322771666666668,51.394346666666664,1561279774843,0.5894156980418556,0.7095268576579622,0.6030569760541553,0.8104274620996639
25.322794999999996,51.39434500000001,1561279788909,0.5900878319768996,0.709760973512974,0.6027879366393151,0.8103226721251261
25.32274166666667,51.39437666666666,1561279793967,0.5920282005263477,0.7054390633034268,0.6028442762332219,0.8101823015298576
25.32272833333333,51.39442833333332,1561279794682,0.6121036122429379,0.7025690519147468,0.6074901331206779,0.809673177340984
25.322635,51.39473833333333,1561279799383,0.6101819630510489,0.702141963209624,0.6027113454406215,0.8103053505224566
25.32223666666666,51.396028333333334,1561279809272,0.6298023933250196,0.694907666311648,0.6031127625569145,0.8102021087987507
25.32219166666666,51.39618166666667,1561279809815,0.6760163016178998,0.6798230242593736,0.6170575123835608,0.8058435148752098
25.322101666666672,51.39650333333334,1561279811793,0.6395888608075193,0.6930589192543646,0.5996904469918093,0.8113982613767079
25.32196333333333,51.39700833333333,1561279823793,0.6029244122407894,0.7050907712462128,0.6022673589315946,0.810481556953937
25.321303333333336,51.39923166666667,1561279832845,0.6648337754112542,0.6833507847826547,0.6039272650931334,0.8099329858632989
25.32056166666667,51.40176833333333,1561279842999,0.6661117617438429,0.6833048290767516,0.602801034492761,0.810319260814929
25.320308333333333,51.40261666666667,1561279848189,0.6398422918948519,0.6918861780880277,0.6019308063737447,0.8105864238458136
25.320051666666668,51.40347,1561279853594,0.638145972945113,0.6923554154867486,0.6027272710033218,0.8103339794726118
25.319546666666664,51.405150000000006,1561279871916,0.618014259805726,0.6994118830603749,0.6025955930393931,0.8103820506397105
25.319556666666667,51.405159999999995,1561279879182,0.5905424955984918,0.7096608967515524,0.602145651802,0.8105472839607677
25.319553333333335,51.40518999999999,1561279881723,0.5937150326834294,0.7087088762995155,0.6029893722822725,0.810259617129067
25.319546666666664,51.405186666666665,1561279882240,0.5881627431404569,0.7046065860849355,0.6009782985346307,0.8090413837963343
25.319549999999996,51.40518166666667,1561279884122,0.5893157665783626,0.7098007526564868,0.6028826985687397,0.8107647209640071
25.319376666666667,51.40565333333334,1561279902540,0.5979133957172795,0.7058404241478042,0.6028582306625819,0.8102853411862038
25.31951333333333,51.40589666666666,1561279905064,0.6194483577069629,0.728350236559761,0.6042112408428406,0.8117570786689018
25.319666666666663,51.405883333333335,1561279908240,0.5888469156210423,0.7262719782276258,0.6011635403601928,0.8102145465541392
25.319748333333337,51.40590166666666,1561279908825,0.5996563046700002,0.7586149032401214,0.6058796755275361,0.8192288972954482
25.320375,51.40613833333334,1561279918158,0.597837061762928,0.7329537763778361,0.6027472201784431,0.8098769373314603
25.321256666666667,51.40680666666667,1561279923996,0.624945348232918,0.7626597529234544,0.6035588892780422,0.8111399276107698
25.322301666666664,51.40737666666667,1561279929253,0.6231042042515328,0.7795747238139905,0.6027211672153069,0.8108384728271101
25.322821666666663,51.407655000000005,1561279939548,0.5983473787747672,0.7270621842898579,0.602376506708646,0.8094980547259222
25.322923333333332,51.407716666666666,1561279939762,0.6777744613364365,0.8774280445676497,0.6650439084576707,0.9235434642531534
25.323496666666664,51.40804,1561279945211,0.6081728173368461,0.7464377282728109,0.6006371049274015,0.8064463132477188
25.324638333333336,51.40874166666667,1561279955528,0.6108107793814835,0.7483646180561995,0.6028228145274389,0.8103500858100916
25.324855000000003,51.40884833333333,1561279958153,0.602483846766617,0.7384058988161438,0.602247765839939,0.809708660843313
25.325528333333335,51.40921,1561279970779,0.5988367349028267,0.728060621369506,0.6027314624722244,0.8101879586687799
25.326335000000004,51.40973666666667,1561279985999,0.6006492900395728,0.7279442184842505,0.6027998987686033,0.8103187577145304
25.327368333333332,51.41047,1561279996522,0.6113211458411182,0.7439513390734435,0.6029500510781005,0.8105651077987648
25.32736333333333,51.41054666666667,1561279996907,0.6506947674491244,0.7045739654655901,0.619936342854887,0.7938388586565965
25.327306666666665,51.411044999999994,1561280002053,0.6195795012863055,0.7052735148737211,0.6017655751305712,0.8103418954308438
25.32719833333333,51.412373333333335,1561280011879,0.6312434317923287,0.7052687753979281,0.602979056682553,0.810319912386123
25.327195,51.412515,1561280012101,0.7842271360480945,0.7038557240491389,0.7183843019081733,0.8092943240701435
25.326865,51.41448333333333,1561280032234,0.6198616354748651,0.7033684023931345,0.6014103503514052,0.8103160897183102
25.32664,51.415005,1561280042584,0.6054548866742392,0.701474297332139,0.6025464092543018,0.8102905007925192
25.326295,51.41627333333333,1561280048387,0.6566050915252079,0.6881178262531645,0.6042586096696104,0.8099491043456837
25.326295,51.416348333333325,1561280049019,0.6262201424473128,0.7091734730220612,0.594714564662389,0.81568848463578
25.326266666666665,51.41659,1561280054146,0.6044613114966356,0.7072162675772243,0.6020679625235882,0.8102584760907314
25.32607666666667,51.41695,1561280064919,0.6002883250989248,0.702927228194388,0.6027149385621596,0.8102558360153248
25.32603,51.417060000000006,1561280067624,0.6024931281717335,0.7030634679147074,0.6029166570166803,0.8103281060248441
25.325723333333332,51.41770499999999,1561280075742,0.614291210216063,0.6957945982911243,0.6030237265025733,0.8101757058890342
25.32578,51.417903333333335,1561280078246,0.6142162428108962,0.7171883231149592,0.6027748979586358,0.8116967337773249
25.325930000000003,51.41800166666667,1561280081651,0.598908064138145,0.7247753268431726,0.6020257170331802,0.8106790394955857
25.326636666666666,51.418441666666666,1561280089123,0.6080354550641538,0.7426684593387771,0.6029848440187939,0.8107058685563415
25.326945,51.41864166666666,1561280092444,0.6084419235858879,0.7420551277049098,0.6028004528821362,0.8102902304821687
25.32760166666667,51.419039999999995,1561280098360,0.6106041874009231,0.7484849053538556,0.6028412348803451,0.8104951234361876
25.32824666666667,51.41943666666666,1561280104056,0.6113062093691063,0.7492778520106776,0.6028005962857679,0.810342422471692
25.328358333333338,51.41950833333333,1561280104983,0.6136394481551496,0.7518359316282969,0.6032021625782473,0.8107646575496776
25.32893166666667,51.41986166666667,1561280110033,0.611405820456352,0.7493819733906425,0.6027057208722982,0.8102416873994659
25.329824999999996,51.420371666666675,1561280118400,0.6086642491567801,0.7469868820115481,0.6027249522170322,0.8102738633101989
25.330869999999997,51.42099,1561280127048,0.6118721628537817,0.7519694230006032,0.602842148927586,0.8104128303396175
25.331425,51.421339999999994,1561280133158,0.6075477568744325,0.7413436784826404,0.6026611885819597,0.8100397571810298
25.33160833333333,51.42144,1561280138810,0.59550552953242,0.720661391455279,0.6024224939485383,0.8097303358854167
25.331631666666667,51.42147166666667,1561280138960,0.6543377995170372,0.7642653524067012,0.668576973529419,0.8571620181407151
25.33156333333333,51.42173833333333,1561280144675,0.6043167562731164,0.7049388141269021,0.601311607587852,0.8086472295517283
